[
  { "code": "01", "name": "北海道", "region": "HOKKAIDO", "population": 5140000 },
  { "code": "02", "name": "青森県", "region": "TOHOKU", "population": 1204000 },
  { "code": "03", "name": "岩手県", "region": "TOHOKU", "population": 1181000 },
  { "code": "04", "name": "宮城県", "region": "TOHOKU", "population": 2280000 },
  { "code": "05", "name": "秋田県", "region": "TOHOKU", "population": 930000 },
  { "code": "06", "name": "山形県", "region": "TOHOKU", "population": 1044000 },
  { "code": "07", "name": "福島県", "region": "TOHOKU", "population": 1790000 },
  { "code": "08", "name": "茨城県", "region": "KANTO", "population": 2840000 },
  { "code": "09", "name": "栃木県", "region": "KANTO", "population": 1909000 },
  { "code": "10", "name": "群馬県", "region": "KANTO", "population": 1913000 },
  { "code": "11", "name": "埼玉県", "region": "KANTO", "population": 7337000 },
  { "code": "12", "name": "千葉県", "region": "KANTO", "population": 6275000 },
  { "code": "13", "name": "東京都", "region": "KANTO", "population": 14038000 },
  { "code": "14", "name": "神奈川県", "region": "KANTO", "population": 9232000 },
  { "code": "15", "name": "新潟県", "region": "CHUBU", "population": 2153000 },
  { "code": "16", "name": "富山県", "region": "CHUBU", "population": 1022000 },
  { "code": "17", "name": "石川県", "region": "CHUBU", "population": 1118000 },
  { "code": "18", "name": "福井県", "region": "CHUBU", "population": 753000 },
  { "code": "19", "name": "山梨県", "region": "CHUBU", "population": 802000 },
  { "code": "20", "name": "長野県", "region": "CHUBU", "population": 2023000 },
  { "code": "21", "name": "岐阜県", "region": "CHUBU", "population": 1945000 },
  { "code": "22", "name": "静岡県", "region": "CHUBU", "population": 3588000 },
  { "code": "23", "name": "愛知県", "region": "CHUBU", "population": 7495000 },
  { "code": "24", "name": "三重県", "region": "KINKI", "population": 1748000 },
  { "code": "25", "name": "滋賀県", "region": "KINKI", "population": 1410000 },
  { "code": "26", "name": "京都府", "region": "KINKI", "population": 2550000 },
  { "code": "27", "name": "大阪府", "region": "KINKI", "population": 8784000 },
  { "code": "28", "name": "兵庫県", "region": "KINKI", "population": 5402000 },
  { "code": "29", "name": "奈良県", "region": "KINKI", "population": 1305000 },
  { "code": "30", "name": "和歌山県", "region": "KINKI", "population": 903000 },
  { "code": "31", "name": "鳥取県", "region": "CHUGOKU", "population": 545000 },
  { "code": "32", "name": "島根県", "region": "CHUGOKU", "population": 657000 },
  { "code": "33", "name": "岡山県", "region": "CHUGOKU", "population": 1862000 },
  { "code": "34", "name": "広島県", "region": "CHUGOKU", "population": 2757000 },
  { "code": "35", "name": "山口県", "region": "CHUGOKU", "population": 1316000 },
  { "code": "36", "name": "徳島県", "region": "SHIKOKU", "population": 710000 },
  { "code": "37", "name": "香川県", "region": "SHIKOKU", "population": 940000 },
  { "code": "38", "name": "愛媛県", "region": "SHIKOKU", "population": 1317000 },
  { "code": "39", "name": "高知県", "region": "SHIKOKU", "population": 680000 },
  { "code": "40", "name": "福岡県", "region": "KYUSHU", "population": 5104000 },
  { "code": "41", "name": "佐賀県", "region": "KYUSHU", "population": 806000 },
  { "code": "42", "name": "長崎県", "region": "KYUSHU", "population": 1292000 },
  { "code": "43", "name": "熊本県", "region": "KYUSHU", "population": 1726000 },
  { "code": "44", "name": "大分県", "region": "KYUSHU", "population": 1107000 },
  { "code": "45", "name": "宮崎県", "region": "KYUSHU", "population": 1060000 },
  { "code": "46", "name": "鹿児島県", "region": "KYUSHU", "population": 1573000 },
  { "code": "47", "name": "沖縄県", "region": "KYUSHU", "population": 1468000 }
]
